code,11
code,11
code,11
code,11
code,11
code,11
code,11
code,11
code,11
code,11
code,11
code,11
code,11
code,11
code,11
code,11
code,11
code,11
code,11
code,11
code,11
code,11
code,11
code,11
code,11
code,11
code,11
code,11
code,11
code,11
code,11
code,11
code,11
code,11
code,11
code,11
code,11
code,11
code,11
code,11
code,11
code,11
code,11
code,11
code,11
code,11
code,11
code,11
code,11
code,11
code,11
code,11
code,11
code,11
code,11
code,11
code,11
code,11
code,11
code,11
code,11
code,11
code,11
code,11
code,11
code,11
code,11
code,11
code,11
code,11
code,11
code,11
code,11
code,11
code,11
code,11
code,11
code,11
code,11
code,11
code,11
code,11
code,11
code,11
code,11
code,11
code,11
code,11
code,11
code,11
code,11
code,11
code,11
code,11
code,11
code,11
code,11
code,11
code,11
code,11
code,11
code,11
code,11
code,11
code,11
code,11
code,11
code,11
code,11
code,11
code,11
code,11
code,11
code,11
code,11
code,11
code,11
code,11
code,11
code,11
code,11
code,11
code,11
code,11
code,11
code,11
code,11
code,11
code,11
code,11
code,11
code,11
code,11
code,11
code,11
code,11
code,11
code,11
code,11
code,11
code,11
code,11
code,11
code,11
code,11
code,11
code,11
code,11
code,11
code,11
code,11
code,11
code,11
code,11
code,11
code,11
code,11
code,11
code,11
code,11
code,11
code,11
code,11
code,11
code,11
code,11
code,11
code,11
code,11
code,11
code,11
code,11
code,11
code,11
code,11
code,11
code,11
code,11
code,11
code,11
code,11
code,11
code,11
code,11
code,11
code,11
code,11
code,11
code,11
code,11
code,11
code,11
code,11
code,11
code,11
code,11
code,11
code,11
code,11
code,11
code,11
code,11
code,11
code,11
code,11
code,11
code,11
code,11
code,11
code,11
code,11
code,11
code,11
code,11
code,11
code,11
code,11
code,11
code,11
code,11
code,11
code,11
code,11
code,11
code,11
code,11
code,11
code,11
code,11
code,11
code,11
code,11
code,11
code,11
code,11
code,11
code,11
code,11
code,11
code,11
code,11
code,11
code,11
code,11
code,11
code,11
code,11
code,11
code,11
code,11
code,11
code,11
code,11
code,11
code,11
code,11
code,11
code,11
code,11
code,11
code,11
code,11
code,11
code,11
code,11
code,11
code,11
code,11
code,11
code,11
code,11
code,11
code,11
code,11
code,11
code,11
code,11
code,11
code,11
code,11
code,11
code,11
code,11
code,11
code,11
code,11
code,11
code,11
code,11
code,11
code,11
code,11
code,11
code,11
code,11
code,11
code,11
code,11
code,11
code,11
code,11
code,11
code,11
code,11
code,11
code,11
code,11
code,11
code,11
code,11
code,11
code,11
code,11
code,11
code,11
code,11
code,11
code,11
code,11
code,11
code,11
code,11
code,11
code,11
code,11
code,11
code,11
code,11
code,11
code,11
code,11
code,11
code,11
code,11
code,11
code,11
code,11
code,11
code,11
code,11
code,11
code,11
code,11
code,11
code,11
code,11
code,11
code,11
code,11
code,11
code,11
code,11
code,11
code,11
code,11
code,11
code,11
code,11
code,11
code,11
code,11
code,11
code,11
code,11
code,11
code,11
code,11
code,11
code,11
code,11
code,11
code,11
code,11
code,11
code,11
code,11
code,11
code,11
code,11
code,11
code,11
code,11
code,11
code,11
code,11
code,11
code,11
code,11
code,11
code,11
code,11
code,11
code,11
code,11
code,11
code,11
code,11
code,11
code,11
code,11
code,11
code,11
code,11
code,11
code,11
code,11
code,11
code,11
code,11
code,11
code,11
code,11
code,11
code,11
code,11
code,11
code,11
code,11
code,11
code,11
code,11
code,11
code,11
code,11
code,11
code,11
code,11
code,11
code,11
code,11
code,11
code,11
code,11
code,11
code,11
code,11
code,11
code,11
code,11
code,11
code,11
code,11
code,11
code,11
code,11
code,11
code,11
code,11
code,11
code,11
code,11
code,11
code,11
code,11
code,11
code,11
code,11
code,11
code,11
code,11
code,11
code,11
code,11
code,11
code,11
code,11
code,11
code,11
code,11
code,11
code,11
code,11
code,11
code,11
code,11
code,11
code,11
code,11
code,11
code,11
code,11
code,11
code,11
code,11
code,11
code,11
code,11
code,11
code,11
code,11
code,11
code,11
code,11
code,11
code,11
code,11
code,11
code,11
code,11
code,11
code,11
code,11
code,11
code,11
code,11
code,11
code,11
code,11
code,11
code,11
code,11
code,11
code,11
code,11
code,11
code,11
code,11
code,11
code,11
code,11
code,11
code,11
code,11
code,11
code,11
code,11
code,11
code,11
code,11
code,11
code,11
code,11
code,11
code,11
code,11
code,11
code,11
code,11
code,11
code,11
code,11
code,11
code,11
code,11
code,11
code,11
code,11
code,11
code,11
code,11
code,11
code,11
code,11
code,11
code,11
code,11
code,11
code,11
code,11
code,11
code,11
code,11
code,11
code,11
code,11
code,11
code,11
code,11
code,11
code,11
code,11
code,11
code,11
code,11
code,11
code,11
code,11
code,11
code,11
code,11
code,11
code,11
code,11
code,11
code,11
code,11
code,11
code,11
code,11
code,11
code,11
code,11
code,11
code,11
code,11
code,11
code,11
code,11
code,11
code,11
code,11
code,11
code,11
code,11
code,11
code,11
code,11
code,11
code,11
code,11
code,11
code,11
code,11
code,11
code,11
code,11
code,11
code,11
code,11
code,11
code,11
code,11
code,11
code,11
code,11
code,11
code,11
code,11
code,11
code,11
code,11
code,11
code,11
code,11
code,11
code,11
code,11
code,11
code,11
code,11
code,11
code,11
code,11
code,11
code,11
code,11
code,11
code,11
code,11
code,11
code,11
code,11
code,11
code,11
code,11
code,11
code,11
code,11
code,11
code,11
code,11
code,11
code,11
code,11
code,11
code,11
code,11
code,11
code,11
code,11
code,11
code,11
code,11
code,11
code,11
code,11
code,11
code,11
code,11
code,11
code,11
code,11
code,11
code,11
code,11
code,11
code,11
code,11
code,11
code,11
code,11
code,11
code,11
code,11
code,11
code,11
code,11
code,11
code,11
code,11
code,11
code,11
code,11
code,11
code,11
code,11
code,11
code,11
code,11
code,11
code,11
code,11
code,11
code,11
code,11
code,11
code,11
code,11
code,11
code,11
code,11
code,11
code,11
code,11
code,11
code,11
code,11
code,11
code,11
code,11
code,11
code,11
code,11
code,11
code,11
code,11
code,11
code,11
code,11
code,11
code,11
code,11
code,11
code,11
code,11
code,11
code,11
code,11
code,11
code,11
code,11
code,11
code,11
code,11
code,11
code,11
code,11
code,11
code,11
code,11
code,11
code,11
code,11
code,11
code,11
code,11
code,11
code,11
code,11
code,11
code,11
code,11
code,11
code,11
code,11
code,11
code,11
code,11
code,11
code,11
code,11
code,11
code,11
code,11
code,11
code,11
code,11
code,11
code,11
code,11
code,11
code,11
code,11
code,11
code,11
code,11
code,11
code,11
code,11
code,11
code,11
code,11
code,11
code,11
code,11
code,11
code,11
code,11
code,11
code,11
code,11
code,11
code,11
code,11
code,11
code,11
code,11
code,11
code,11
code,11
code,11
code,11
code,11
code,11
code,11
code,11
code,11
code,11
code,11
code,11
code,11
code,11
code,11
code,11
code,11
code,11
code,11
code,11
code,11
code,11
code,11
code,11
code,11
code,11
code,11
code,11
code,11
code,11
code,11
code,11
code,11
code,11
code,11
code,11
code,11
code,11
code,11
code,11
code,11
code,11
code,11
code,11
code,11
code,11
code,11
code,11
code,11
code,11
code,11
code,11
code,11
code,11
code,11
code,11
code,11
code,11
code,11
code,11
code,11
code,11
code,11
code,11
code,11
code,11
code,11
code,11
code,11
code,11
code,11
code,11
code,11
code,11
code,11
code,11
code,11
code,11
code,11
code,11
code,11
code,11
code,11
code,11
code,11
code,11
code,11
code,11
code,11
code,11
code,11
code,11
code,11
code,11
code,11
code,11
code,11
code,11
code,11
code,11
code,11
code,11
code,11
code,11
code,11
code,11
code,11
code,11
code,11
code,11
code,11
code,11
code,11
code,11
code,11
code,11
code,11
code,11
code,11
code,11
code,11
code,11
code,11
code,11
code,11
code,11
code,11
code,11
code,11
code,11
code,11
code,11
code,11
code,11
code,11
code,11
code,11
code,11
code,11
code,11
code,11
code,11
code,11
code,11
code,11
code,11
code,11
code,11
code,11
code,11
code,11
code,11
code,11
code,11
code,11
code,11
code,11
code,11
code,11
code,11
code,11
code,11
code,11
code,11
code,11
code,11
code,11
code,11
code,11
code,11
code,11
code,11
code,11
code,11
code,11
code,11
code,11
code,11
code,11
code,11
code,11
code,11
